<?xml version="1.0" encoding="UTF-8"?>
<metadata modelVersion="1.1.0">
  <groupId>com.cz</groupId>
  <artifactId>user-service-client</artifactId>
  <version>0.0.1-SNAPSHOT</version>
  <versioning>
    <snapshot>
      <timestamp>20200528.030646</timestamp>
      <buildNumber>70</buildNumber>
    </snapshot>
    <lastUpdated>20200528030646</lastUpdated>
    <snapshotVersions>
      <snapshotVersion>
        <extension>jar</extension>
        <value>0.0.1-20200528.030646-70</value>
        <updated>20200528030646</updated>
      </snapshotVersion>
      <snapshotVersion>
        <extension>pom</extension>
        <value>0.0.1-20200528.030646-70</value>
        <updated>20200528030646</updated>
      </snapshotVersion>
    </snapshotVersions>
  </versioning>
</metadata>
