<?xml version="1.0" encoding="UTF-8"?>
<metadata modelVersion="1.1.0">
  <groupId>com.cz</groupId>
  <artifactId>redis-spring-boot-starter</artifactId>
  <version>0.0.1-SNAPSHOT</version>
  <versioning>
    <snapshot>
      <timestamp>20200605.034248</timestamp>
      <buildNumber>2</buildNumber>
    </snapshot>
    <lastUpdated>20200611154500</lastUpdated>
    <snapshotVersions>
      <snapshotVersion>
        <extension>jar</extension>
        <value>0.0.1-20200605.034248-2</value>
        <updated>20200605034248</updated>
      </snapshotVersion>
      <snapshotVersion>
        <extension>pom</extension>
        <value>0.0.1-20200605.034248-2</value>
        <updated>20200605034248</updated>
      </snapshotVersion>
    </snapshotVersions>
  </versioning>
</metadata>
